Authors,Dataset Type,ML technique(s) Used,Strengths of the ML technique(s) Used,Limitations of the ML technique(s) Used,Literature Gaps
"Sultana et al, 2022",Power system attack dataset,ANN,Multitasking ability and high efficiency,Computationally expensive  and more processing power required,Only caters for FDI attack
"Dairi et al, 2023","BUT-IEC104-I, VRT-IEC 104, and GICS-MMS datasets","AE-GRU, GAN-RNN","AE-GRU is efficient in training and resource usage, and its able to effectively capture both features and temporal dependencies; GAN-RNN improve effeciency",AE-GRU has high computational costs and largely depends on high quality consistent data; GAN-RNN have difficulties in training and high computational costs,Robustness decreases in noisy data
"Khan et al, 2021",KDD99 and NSLKDD datasets,"RF, ANN","RF is less susceptible to noise, and has increased robustness; ANN has high efficiency and multitasking ability",RF has Increased training time and consumes a lot of resources; ANN is computationally expensive and requires more processor power,"Limited Deep Learning Exploration, Single Feature Selection method (Particle Swarm Optimization), Limited Multi-Class Classification, No real world validation"
"Banda et al, 2023",Packet traffic data from a GNS3 simulated smart grid SCADA network,"SVM, Multi layer Perceptron Neural Network (MLPNN)",Better generalization capabilities,High training time for SVM where as MLPNN requires high computational resources,Study carried out in a simulated environment and computational requirements limitation
"Islam et al, 2025",Smart Grid Intrusion detection dataset,"RF, AE, CNN","Better interpretability, robust classification, and  improved feature extraction","Increased training time for RF, high computational cost for CNN, and AE struggles with noisy data",No real world data validation
"Sen et al, 2021",IEEE 14 and IEEE 30 bus system datasets,SVM,"Ability to work under high dimensional space, and Suitable for both structured and unstructured data","High training time, and Inefficient in handling large dimensional datasets",Reliance on pre-labeled data
"Ahasan et al, 2023",Real-time PMU-based Wide Area Measurement System dataset,"SVM, ANN, LR, NB, RF",Increased robustness and improved accuracy,Increased computational cost and difficulty in hyperparameter tuning,Limited attack coverage (Only DDoS)
"Muthubalaji et al, 2024","UNSW-NB 15 dataset, ICS dataset, and CICIDS 2017 dataset",Kernel -based Extreme Neural Network,Faster training speed and reduction in number of parameters to be tuned,Sensitivity to outliers and heavy computation for large datasets,"Struggles with novel, zero-day, or unseen attacks"
"Jeyaraj et al, 2023",IEEE 15 bus system dataset,Secured DL algorithm with blockchain technology (BlockDeepNet),"Elimination of Single Point of Failure, enhanced data integrity and security",Computationally expensive and high latency time,Limited scope of cyberattacks; large scale deployment is impractical under current conditions
"Gupta et al, 2021",IEEE-9 Bus test system dataset,ANN,Multitasking ability and high efficiency,Computationally expensive  and more processing power required,Lack of real world implementation
"Zhang et al, 2020","SGCC, CICIDS 2017, ICS, and UNSW-NB 15 datasets",Kernel - based Extreme Neural Network (KENN),Faster training speed and reduction in number of parameters to be tuned,Sensitivity to outliers and heavy computation for large datasets,Need for validation on heterogeneous and resource-constrained systems
"Mukherjee et al, 2022",IEEE 14-bus system dataset,LSTM,Ability to to capture and remember long-term dependencies in sequential data,Computationally expensive and difficulty in scaling,It only detects FDI attacks
"Mahi-al-Rashid et al, 2022",Real world dataset of three months of data on energy demand consumption (Australian Energy Market Operator),CNN-LSTM based AE,Ability learn both spatial (local) and temporal (sequential) features from complex time-series data,Computationally expensive,Scope of cyberattack limited to FDI attacks
"Fadhil et al, 2025",Blockchain-Integrated WSN Dataset,"KNN, SVM, RF","KNN is suitable for both regression and classification,  SVM is suitable for both structured and unstructured data, and RF is less susceptible to noise","KNN has an increased complexity in handling large dimensional datasets,  SVM is inefficient in handling large dimensional datasets, and RF uses a lot of resources.",No real-time fault detection capabilities
"Mbey et al, 2024",Real Cameroon Electricity Consumption dataset,SVM,"Ability to work under high dimensional space, and suitable for both structured and unstructured data","Inefficient in handling large dimensional datasets, and high training time",Does not fully address the non-technical and structural vulnerabilities of the smart meter system
"Ferrag et al, 2019","CICIDS2017, Power System, and Bot-IoT datasets",RNNs,"Effective sequence modeling, parameter sharing, and variable length Inputs/Outputs",Bias towards recent data and vanishing gradients,Slow to handle large real-time volumes of data
"El-Hadad et al, 2022",Electrical dataset (obtained from the Archive of The Irish Social Science Data on Commission for Energy Regulation Smart Metering Project),"DT, RF",RF has increased robustness and less susceptible to noise; while DT has a better prediction rate and ability to handle non-linear data,RF has increased training time  and high resource consumption; while DT consumes a lot of time and tends to overfit,Imbalanced data and difficulty to adapt the approach to other smart meters besides those experimented on
"Vimalkumar et al, 2017",Synchrophasor Dataset,"DNN, SVM, RF, DT, Naive Bayes classifications (NBC)",Higher accuracy and robustness,High computational costs,Limited attack coverage (focuses only on simple binary classification)
"Iftikhar et al, 2024",CNGC dataset,MLP-GRU,Enhanced Feature Extraction and mitigation of vanishing gradients,Higher computational cost and increased complexity,Inability to capture very small electricity consumption trends
"Ghafoor et al, 2022",Smart Grid dataset,"CNN RF-FS, CNN RF-XGB, CNN RF-GBC, CNN RF-CBC, CNN RF-ABC,CNN RF-LGBM, CNN RF-HGBC",Robust classification and generalization,Increased complexity,"Limited functionality in real-word due to need for a large, pre-labeled training dataset"
"Mukherjee et al, 2022",IEEE 14 and IEEE 118 bus test case datasets,"CNN, CNN-LSTM, CNN-GRU",Excellent feature extraction and increased efficiency,"Increased Complexity, slower prediction and high computational costs",Cyberattack detection limited to only FDI attack
"Hegazy, 2022",IEEE 14 and IEEE 118 bus test case system datasets,LSTM-TCN,Excellent temporal feature extraction and ability to mitigate the vanishing gradient problem,Difficulty in hyperparameter tuning and increased architectural complexity,Cyberattack scope is limited to FDI attacks
"Madhure et al, 2020",ISSDA CER dataset,CNN-LSTM,Simultaneous spatial and temporal modeling; and automatic feature extraction,High computational cost and time and increased architectural complexity,Higher time complexity
"Louk et al, 2022",Power Grid dataset,GBT,High predictive accuracy and Robustness to outliers,Slow training and prone to overfitting,Limited generalizability due to restriction of evaluation to power grid dataset
"Johncy et al, 2024",Recognizance-1: Electricity Bill Fraud Detection dataset,BiGRU,Complete context processing and faster training,Increased computational cost,Lack of real-world implementation
"Alimi et al, 2019",IEEE Garver 6-bus test system dataset and Nigerian 24-bus system dataset,SVM-MLPNN,"Enhanced predictive accuracy, generalization and superior feature handling",Difficulty in hyperparameter tuning and high computational costs,"Developed algorithm cannot identify, locate, or eliminate present or future intrusion"
"Nazmul et al, 2019",SGCC Electricity Theft Detection dataset,CNN-LSTM,Simultaneous spatial and temporal modeling; and automatic feature extraction,High computational cost and time and increased architectural complexity,Lack of real-time anomaly detection
"Terzi et al, 2018",Power System dataset,"RF, DT",RF has increased robustness and less susceptible to noise; while DT has a better prediction rate and ability to handle non-linear data,RF has increased training time  and high resource consumption; while DT consumes a lot of time and tends to overfit,Lack of real-world application
"Akram et al, 2021",New York Electricity System Data (NYISO) dataset,CNN with RUSBoost Manta Ray Foraging Optimization (rus-MRFO) and RUSBoost Bird Swarm Algorithm (rus-BSA),"Superior handling of imbalanced data, better hyperparameter optimization, automatic feature extraction, and improved generalization",High computational cost and complex model architecture,Lack of real-time attack detection
"Mulongo et al, 2020",Power System dataset,"RF, DT","KNN is suitable for both regression and classification; SVM has the ability to work under high dimensional space, and suitable for both structured and unstructured data; LR has an increased processing speed and minimal computational cost; MLP is highly versatile for both classification and regression tasks",RF has increased training time  and high resource consumption; while DT consumes a lot of time and tends to overfit,Lack of real-world application
"Cifci, 2025",Electrical Grid Stability Simulated Dataset,ANN,"Multitasking ability, explainability,  and high efficiency",Computationally expensive,Limited generalizability
"Nirmal, 2024",SGCC Electricity consumption dataset,CNN-AdaBoost,Higher Accuracy and Robustness; Effective with imbalanced data,"High Computational Cost, and sensitivity to noisy data/outliers",Cannot detect abnormalities in energy consumption patterns
"Alghazali, 2022",CICIDS2017 dataset,Hierarchical Deep Learning (HDL),Improved Accuracy and Feature Learning,Design complexity,Detects only cyberattacks in smart meters
"Aydin, 2025",NSL-KDD dataset,"CNN, LSTM, GNN, RF","Ability to capture spatial, temporal, and relational dependencies; explainability of decisions",High computational cost,Lack of practical implementation in real-time SCADA
"Khan et al, 2022",SGCC Electricity consumption dataset,"LSTM, GRU, Bi-LSTM, BiGRU",Capture long term dependencies and very accurate,More complex and slower,Limited generalizability
"MM, Savitha and PI, Basarkod",Novel ARAD dataset,Stacked Ensemble,High accuracy,High computational costs,Inability to detect novel or zero-day cyberattacks
"Javaid, 2021",SGCC Electricity consumption dataset,CNN-LSTM,Simultaneous spatial and temporal modeling; and automatic feature extraction,High computational cost and time and increased architectural complexity,"Computational complexity of hybrid model; Since it uses a single over-sampling approach, it may not be optimal for all types of theft patterns"
"Atemkeng, 2024",TeleInfra dataset (Cameroon),AE,Ability to perform unsupervised feature learning,Struggles with noisy data,Limited generalizability
